Accessible in EU,Specific Category,App Name,Dev Guide,Source Code,iOS App,aOS App,Privacy Policy Link
Yes,Social Networking,Facebook,https://developers.facebook.com/docs/,https://github.com/facebook,https://apps.apple.com/us/app/facebook/id284882215,https://play.google.com/store/apps/details?id=com.facebook.katana&hl=en_US,http://www.facebook.com/about/privacy/
Yes,Social Networking,WhatsApp,https://business.whatsapp.com/developers/developer-hub,https://github.com/whatsapp,https://apps.apple.com/us/app/whatsapp-messenger/id310633997,https://play.google.com/store/apps/details?id=com.whatsapp&hl=en_US,https://www.whatsapp.com/legal/privacy-policy
Yes,Photo & Video,YouTube,https://developers.google.com/youtube/documentation,https://github.com/youtube,https://apps.apple.com/us/app/youtube/id544007664,https://play.google.com/store/apps/details?id=com.google.android.youtube&hl=en_US,http://www.google.com/policies/privacy
Yes,Photo & Video,Instagram,https://developers.facebook.com/docs/instagram-platform/,https://github.com/instagram,https://apps.apple.com/us/app/instagram/id389801252,https://play.google.com/store/apps/details?id=com.instagram.android&hl=en_US,http://instagram.com/legal/privacy/
Yes,Entertainment,TikTok,https://developers.tiktok.com/doc/overview,https://github.com/tiktok,https://apps.apple.com/us/app/tiktok-videos-shop-live/id835599320,https://play.google.com/store/apps/details?id=com.zhiliaoapp.musically&hl=en_US,https://www.tiktok.com/legal/privacy-policy
Yes,Social Networking,WeChat (Weixin),https://developers.weixin.qq.com/miniprogram/en/dev/framework/,Not Found,https://apps.apple.com/us/app/wechat/id414478124,https://play.google.com/store/apps/details?id=com.tencent.mm&hl=en_US,http://www.wechat.com/mobile/en/privacy_policy.html
Yes,Social Networking,Telegram,https://core.telegram.org/,https://github.com/TelegramMessenger,https://apps.apple.com/us/app/telegram-messenger/id686449807,https://play.google.com/store/apps/details?id=org.telegram.messenger&hl=en_US,https://telegram.org/privacy
Yes,Social Networking,Messenger,https://developers.facebook.com/docs/messenger-platform/,Not Found,https://apps.apple.com/us/app/messenger/id454638411,https://play.google.com/store/apps/details?id=com.facebook.orca&hl=en_US,https://www.facebook.com/about/privacy/
Yes,Photo & Video,Snapchat,https://developers.snap.com/api/home,https://github.com/Snapchat,https://apps.apple.com/us/app/snapchat/id447188370,https://play.google.com/store/apps/details?id=com.snapchat.android&hl=en_US,http://www.snapchat.com/privacy
Yes,Social Networking,Viber,https://developers.viber.com/docs/,https://github.com/viber,https://apps.apple.com/us/app/rakuten-viber-messenger/id382617920,https://play.google.com/store/apps/details?id=com.viber.voip&hl=en_US,http://www.viber.com/privacy
Yes,News,Reddit,https://developers.reddit.com/docs/,https://github.com/reddit,https://apps.apple.com/us/app/reddit/id1064216828,https://play.google.com/store/apps/details?id=com.reddit.frontpage&hl=en_US,https://www.reddit.com/help/privacypolicy
Yes,Music,Spotify,https://developer.spotify.com/documentation/commercial-hardware/implementation/get-started,https://github.com/spotify,https://apps.apple.com/us/app/spotify-music-and-podcasts/id324684580,https://play.google.com/store/apps/details?id=com.spotify.music&hl=en_US,http://www.spotify.com/legal/privacy-policy/
Yes,Lifestyle,Pinterest,https://developers.pinterest.com/docs/overview/welcome/,https://github.com/pinterest,https://apps.apple.com/us/app/pinterest/id429047995,https://play.google.com/store/apps/details?id=com.pinterest&hl=en_US,https://policy.pinterest.com/privacy-policy
Yes,News,X (Twitter),https://docs.x.com/overview,https://github.com/twitter,https://apps.apple.com/us/app/x/id333903271,https://play.google.com/store/apps/details?id=com.twitter.android&hl=en_US,https://x.com/privacy
Yes,Shopping,Shein,https://open.sheincorp.com/documents/apidoc/detail/3001520,https://github.com/sheinsight,https://apps.apple.com/us/app/shein-shopping-online/id878577184,https://play.google.com/store/apps/details?id=com.zzkko&hl=en_US,https://eur.shein.com/Privacy-Security-Policy-a-282.html
Yes,News,Quora,Not Found,https://github.com/quora,https://apps.apple.com/us/app/quora/id456034437,https://play.google.com/store/apps/details?id=com.quora.android&hl=en_US,http://www.quora.com/about/privacy
Yes,Business,Teams,https://learn.microsoft.com/en-us/microsoftteams/platform/mstdd-landing,Not Found,https://apps.apple.com/us/app/microsoft-teams/id1113153706,https://play.google.com/store/apps/details?id=com.microsoft.teams&hl=en_US,http://aka.ms/privacy
Yes,Business,LinkedIn,https://developer.linkedin.com/docs/guide/v2,https://github.com/linkedin,https://apps.apple.com/us/app/linkedin-network-job-finder/id288429040,https://play.google.com/store/apps/details?id=com.linkedin.android&hl=en_US,https://www.linkedin.com/legal/privacy-policy
Yes,Photo & Video,Vimeo,https://developer.vimeo.com/api/guides/start,https://github.com/vimeo,https://apps.apple.com/us/app/vimeo/id425194759,https://play.google.com/store/apps/details?id=com.vimeo.android.videoapp&hl=en_US,https://vimeo.com/privacy
Yes,Social Networking,Threads,https://developers.facebook.com/docs/threads/get-started/,Not Found,https://apps.apple.com/us/app/threads/id6446901002,https://play.google.com/store/apps/details?id=com.instagram.barcelona&hl=en_US,https://privacycenter.instagram.com/policy
Yes,Social Networking,ShareChat,Not Found,https://github.com/ShareChat,https://apps.apple.com/us/app/sharechat-videos-status/id1440640105,https://play.google.com/store/apps/details?id=in.mohalla.sharechat&hl=en_US,https://help.sharechat.com/policies/privacy-policy/
Yes,Photo & Video,Twitch,https://dev.twitch.tv/docs,https://github.com/twitchtv,https://apps.apple.com/us/app/twitch-live-streaming/id460177396,https://play.google.com/store/apps/details?id=tv.twitch.android.app&hl=en_US,https://legal.twitch.com/legal/privacy-notice
Yes,Social Networking,Discord,https://discord.com/developers/docs/intro,https://github.com/discord,https://apps.apple.com/us/app/discord-talk-play-hang-out/id985746746,https://play.google.com/store/apps/details?id=com.discord&hl=en_US,https://discord.com/privacy/
Yes,Shopping,Alibaba,https://openapi.alibaba.com/doc/doc.htm?spm=a2o9m.11193535.0.0.3cb22f04C5J1ev#/?docId=19,https://github.com/ALIBABA,https://apps.apple.com/us/app/alibaba-com/id503451073,https://play.google.com/store/apps/details?id=com.alibaba.intl.android.apps.poseidon&hl=en_US,https://rulechannel.alibaba.com/icbu?type=detail&ruleId=2034&cId=1306#/rule/detail?cId=1306&ruleId=2034
Yes,Social Networking,Tumblr,https://www.tumblr.com/developers,https://github.com/tumblr,https://apps.apple.com/us/app/tumblr-social-media-art/id305343404,https://play.google.com/store/apps/details?id=com.tumblr&hl=en_US,https://www.tumblr.com/privacy/en_eu
Yes,Shopping,AliExpress,https://openservice.aliexpress.com/doc/doc.htm?spm=a2o9m.11193487.0.0.372eee0ciV9bxD&nodeId=27493&docId=118729#/?docId=1358,Not Found,https://apps.apple.com/us/app/aliexpress-shopping-app/id436672029,https://play.google.com/store/apps/details?id=com.alibaba.aliexpresshd&hl=en_US,https://terms.alicdn.com/legal-agreement/terms/suit_bu1_aliexpress/suit_bu1_aliexpress201909171350_82407.html
Yes,News,Medium,Not Found,https://github.com/medium,https://apps.apple.com/us/app/medium-read-write-stories/id828256236,https://play.google.com/store/apps/details?id=com.medium.reader&hl=en_US,https://medium.com/policy/medium-privacy-policy-f03bf92035c9
Yes,Navigation,Google Maps,https://developers.google.com/maps,https://github.com/googlemaps,https://apps.apple.com/us/app/google-maps/id585027354,https://play.google.com/store/apps/details?id=com.google.android.apps.maps&hl=en_US,https://policies.google.com/privacy
Yes,Travel,Uber,https://developer.uber.com/docs,https://github.com/uber,https://apps.apple.com/us/app/uber-request-a-ride/id368677368,https://play.google.com/store/apps/details?id=com.ubercab&hl=en_US,https://www.uber.com/global/en/privacy-notice-riders-order-recipients/
Yes,Food & Drink,Foodpanda,https://developer.foodpanda.com/api-specifications,Not Found,https://apps.apple.com/us/app/foodpanda-food-groceries/id758103884,https://play.google.com/store/apps/details?id=com.global.foodpanda.android&hl=en_US,https://www.foodpanda.sg/contents/privacy.htm
Yes,Food & Drink,DoorDash,https://developer.doordash.com/en-US/docs/drive/tutorials/get_started/,https://github.com/doordash,https://apps.apple.com/us/app/doordash-food-delivery/id719972451,https://play.google.com/store/apps/details?id=com.dd.doordash&hl=en_US,https://www.doordash.com/privacy/
Yes,Shopping,Vinted,https://pro-docs.svc.vinted.com/#vinted-pro-integrations,https://github.com/vinted,https://apps.apple.com/us/app/vinted-shop-sell-pre-loved/id632064380,https://play.google.com/store/apps/details?id=fr.vinted&hl=en_US,https://www.vinted.co.uk/privacy-policy
Yes,Travel,Yango,https://yango.com/en_int/partner-program/documentation/,Not Found,https://apps.apple.com/us/app/yango-taxi-food-delivery/id1437157286,https://play.google.com/store/apps/details?id=com.yandex.yango&hl=en_US,https://yango.com/legal/yango_privacy_notice
Yes,Food & Drink,Wolt Delivery,https://developer.wolt.com/docs/api/order,https://github.com/woltapp,https://apps.apple.com/us/app/wolt-delivery-food-and-more/id943905271,https://play.google.com/store/apps/details?id=com.wolt.android&hl=en_US,https://explore.wolt.com/en/deu/privacy
Yes,Shopping,Amazon,https://developer.amazon.com/,https://github.com/amzn,https://apps.apple.com/us/app/amazon-shopping/id297606951,https://play.google.com/store/apps/details?id=com.amazon.mShop.android.shopping&hl=en_US,https://www.amazon.com/gp/help/customer/display.html?nodeId=GX7NJQ4ZB8MHFRNJ
Yes,Food & Drink,Deliveroo,https://api-docs.deliveroo.com/docs/introduction,https://github.com/deliveroo,https://apps.apple.com/us/app/deliveroo-food-shopping/id1001501844,https://play.google.com/store/apps/details?id=com.deliveroo.orderapp&hl=en_US,https://deliveroo.co.uk/privacy
Yes,Lifestyle,Glovo,Not Found,https://github.com/Glovo,https://apps.apple.com/us/app/glovo-food-delivery-takeaway/id951812684,https://play.google.com/store/apps/details?id=com.glovo&hl=en_US,https://glovoapp.com/en/legal/privacy
Yes,Food & Drink,HelloFresh,Not Found,https://github.com/hellofresh,https://apps.apple.com/us/app/hellofresh-meal-kit-delivery/id970107419,https://play.google.com/store/apps/details?id=com.hellofresh.androidapp&hl=en_US,https://www.hellofresh.com/about/privacy
Yes,Food & Drink,Just Eat,https://uk.api.just-eat.io/docs,https://github.com/justeat,https://apps.apple.com/us/app/just-eat-food-delivery/id566347057,https://play.google.com/store/apps/details?id=com.justeat.app.uk&hl=en_US,http://www.just-eat.co.uk/privacy-policy
Yes,Shopping,Temu,https://partner-eu.temu.com/documentation?menu_code=85762c6ccc5a4dbc8c023ea5e10c6dc0,Not Found,https://apps.apple.com/us/app/temu-shop-like-a-billionaire/id1641486558,https://play.google.com/store/apps/details?id=com.einnovation.temu&hl=en_US,https://www.temu.com/privacy-and-cookie-policy.html
Yes,Food & Drink,Gopuff,https://devportaldocs.poweredbygopuff.com/#/?id=gopuff-developer-portal,https://github.com/gopuff,https://apps.apple.com/us/app/gopuff-food-drink-delivery/id722804810,https://play.google.com/store/apps/details?id=com.main.gopuff&hl=en_US,https://legal.gopuff.com/
Yes,Food & Drink,Uber Eats,https://developer.uber.com/docs/eats/introduction,Not Found,https://apps.apple.com/us/app/uber-eats-food-groceries/id1058959277,https://play.google.com/store/apps/details?id=com.ubercab.eats&hl=en_US,https://www.uber.com/legal/privacy
Yes,Navigation,Waze,Not Found,https://github.com/wazeHQ,https://apps.apple.com/us/app/waze-navigation-live-traffic/id323229106,https://play.google.com/store/apps/details?id=com.waze&hl=en_US,https://support.google.com/waze/answer/12075406?dark=0&sjid=2604796071134813198-NC
